A1,Thu 1970-01-01 01:00:00 CET,0,0
A1,Thu 1970-01-01 01:00:00 CET,0.0641792,0
A1,Fri 2021-07-16 06:33:12 CEST,1.0618,0
A1,Fri 2021-07-16 06:33:12 CEST,2.06142,0
A1,Fri 2021-07-16 06:33:12 CEST,3.06247,0
A1,Fri 2021-07-16 06:33:12 CEST,4.06233,0
A1,Fri 2021-07-16 06:33:12 CEST,5.06268,0
A1,Fri 2021-07-16 06:33:13 CEST,6.06283,0
A1,Fri 2021-07-16 06:33:14 CEST,7.06273,0
A1,Fri 2021-07-16 06:33:14 CEST,8.06265,0
A1,Fri 2021-07-16 06:33:15 CEST,9.06247,0
A1,Fri 2021-07-16 06:33:15 CEST,10.0652,0
A1,Fri 2021-07-16 06:33:16 CEST,11.0626,0
A1,Fri 2021-07-16 06:33:16 CEST,12.0627,7
A1,Fri 2021-07-16 06:33:17 CEST,13.0622,29
A1,Fri 2021-07-16 06:33:17 CEST,14.0621,46
A1,Fri 2021-07-16 06:33:18 CEST,15.0625,60
A1,Fri 2021-07-16 06:33:18 CEST,16.0627,71
A1,Fri 2021-07-16 06:33:19 CEST,17.0625,91
A1,Fri 2021-07-16 06:33:19 CEST,18.0627,113
A1,Fri 2021-07-16 06:33:20 CEST,19.0645,130
A1,Fri 2021-07-16 06:33:20 CEST,20.0627,143
A1,Fri 2021-07-16 06:33:21 CEST,21.0629,154
A1,Fri 2021-07-16 06:33:21 CEST,22.0627,163
A1,Fri 2021-07-16 06:33:22 CEST,23.062,171
A1,Fri 2021-07-16 06:33:22 CEST,24.0685,177
A1,Fri 2021-07-16 06:33:23 CEST,25.0623,183
A1,Fri 2021-07-16 06:33:23 CEST,26.0615,187
A1,Fri 2021-07-16 06:33:24 CEST,27.0618,190
A1,Fri 2021-07-16 06:33:24 CEST,28.0639,193
A1,Fri 2021-07-16 06:33:25 CEST,29.0624,195
A1,Fri 2021-07-16 06:33:25 CEST,30.0627,197
A1,Fri 2021-07-16 06:33:26 CEST,31.0624,198
A1,Fri 2021-07-16 06:33:26 CEST,32.0626,198
A1,Fri 2021-07-16 06:33:27 CEST,33.0625,199
A1,Fri 2021-07-16 06:33:27 CEST,34.0626,199
A1,Fri 2021-07-16 06:33:28 CEST,35.0626,199
A1,Fri 2021-07-16 06:33:28 CEST,36.0629,199
A1,Fri 2021-07-16 06:33:29 CEST,37.0646,199
A1,Fri 2021-07-16 06:33:29 CEST,38.0627,199
A1,Fri 2021-07-16 06:33:30 CEST,39.0623,199
A1,Fri 2021-07-16 06:33:30 CEST,40.0617,199
A1,Fri 2021-07-16 06:33:31 CEST,41.0622,199
A1,Fri 2021-07-16 06:33:31 CEST,42.0629,199
A1,Fri 2021-07-16 06:33:32 CEST,43.0627,199
A1,Fri 2021-07-16 06:33:32 CEST,44.0625,199
A1,Fri 2021-07-16 06:33:33 CEST,45.0628,199
A1,Fri 2021-07-16 06:33:33 CEST,46.065,199
A1,Fri 2021-07-16 06:33:34 CEST,47.0627,199
A1,Fri 2021-07-16 06:33:34 CEST,48.0628,199
A1,Fri 2021-07-16 06:33:35 CEST,49.0627,199
A1,Fri 2021-07-16 06:33:35 CEST,50.063,199
A1,Fri 2021-07-16 06:33:36 CEST,51.0629,199
A1,Fri 2021-07-16 06:33:36 CEST,52.0625,199
A1,Fri 2021-07-16 06:33:37 CEST,53.0622,199
A1,Fri 2021-07-16 06:33:37 CEST,54.0628,199
A1,Fri 2021-07-16 06:33:38 CEST,55.0646,199
A1,Fri 2021-07-16 06:33:38 CEST,56.0627,199
A1,Fri 2021-07-16 06:33:39 CEST,57.0627,199
A1,Fri 2021-07-16 06:33:39 CEST,58.0628,199
A1,Fri 2021-07-16 06:33:40 CEST,59.0627,199
A1,Fri 2021-07-16 06:33:40 CEST,60.0628,199
A1,Fri 2021-07-16 06:33:41 CEST,61.0626,199
A1,Fri 2021-07-16 06:33:41 CEST,62.0627,199
A1,Fri 2021-07-16 06:33:42 CEST,63.0628,199
A1,Fri 2021-07-16 06:33:42 CEST,64.0647,199
A1,Fri 2021-07-16 06:33:43 CEST,65.0625,199
A1,Fri 2021-07-16 06:33:43 CEST,66.0628,199
A1,Fri 2021-07-16 06:33:44 CEST,67.0626,199
A1,Fri 2021-07-16 06:33:44 CEST,68.0628,199
A1,Fri 2021-07-16 06:33:45 CEST,69.0626,199
A1,Fri 2021-07-16 06:33:45 CEST,70.0628,199
A1,Fri 2021-07-16 06:33:46 CEST,71.0627,199
A1,Fri 2021-07-16 06:33:46 CEST,72.0628,199
A1,Fri 2021-07-16 06:33:47 CEST,73.0646,199
A1,Fri 2021-07-16 06:33:47 CEST,74.0628,199
A1,Fri 2021-07-16 06:33:48 CEST,75.0628,199
A1,Fri 2021-07-16 06:33:48 CEST,76.0628,199
A1,Fri 2021-07-16 06:33:49 CEST,77.0625,199
A1,Fri 2021-07-16 06:33:49 CEST,78.0623,199
A1,Fri 2021-07-16 06:33:50 CEST,79.0624,199
A1,Fri 2021-07-16 06:33:50 CEST,80.0629,199
A1,Fri 2021-07-16 06:33:51 CEST,81.0627,199
A1,Fri 2021-07-16 06:33:51 CEST,82.0643,199
A1,Fri 2021-07-16 06:33:52 CEST,83.0628,199
A1,Fri 2021-07-16 06:33:52 CEST,84.0627,199
A1,Fri 2021-07-16 06:33:53 CEST,85.0627,199
A1,Fri 2021-07-16 06:33:53 CEST,86.063,199
A1,Fri 2021-07-16 06:33:54 CEST,87.0628,199
A1,Fri 2021-07-16 06:33:54 CEST,88.0626,199
A1,Fri 2021-07-16 06:33:55 CEST,89.0625,199
A1,Fri 2021-07-16 06:33:55 CEST,90.0627,199
A1,Fri 2021-07-16 06:33:56 CEST,91.0647,199
A1,Fri 2021-07-16 06:33:56 CEST,92.0624,199
A1,Fri 2021-07-16 06:33:57 CEST,93.0629,199
A1,Fri 2021-07-16 06:33:57 CEST,94.0628,199
A1,Fri 2021-07-16 06:33:58 CEST,95.0628,199
A1,Fri 2021-07-16 06:33:58 CEST,96.0629,199
A1,Fri 2021-07-16 06:33:59 CEST,97.0625,199
A1,Fri 2021-07-16 06:33:59 CEST,98.0625,199
A1,Fri 2021-07-16 06:34:00 CEST,99.0626,199
A1,Fri 2021-07-16 06:34:00 CEST,100.064,199
A1,Fri 2021-07-16 06:34:01 CEST,101.062,199
A1,Fri 2021-07-16 06:34:01 CEST,102.062,199
A1,Fri 2021-07-16 06:34:02 CEST,103.062,199
A1,Fri 2021-07-16 06:34:02 CEST,104.063,199
A1,Fri 2021-07-16 06:34:03 CEST,105.063,199
A1,Fri 2021-07-16 06:34:03 CEST,106.063,199
A1,Fri 2021-07-16 06:34:04 CEST,107.069,199
A1,Fri 2021-07-16 06:34:04 CEST,108.062,199
A1,Fri 2021-07-16 06:34:05 CEST,109.065,199
A1,Fri 2021-07-16 06:34:05 CEST,110.063,199
A1,Fri 2021-07-16 06:34:06 CEST,111.063,199
A1,Fri 2021-07-16 06:34:06 CEST,112.063,199
A1,Fri 2021-07-16 06:34:07 CEST,113.063,199
A1,Fri 2021-07-16 06:34:07 CEST,114.063,199
A1,Fri 2021-07-16 06:34:08 CEST,115.063,199
A1,Fri 2021-07-16 06:34:08 CEST,116.063,199
A1,Fri 2021-07-16 06:34:09 CEST,117.063,199
A1,Fri 2021-07-16 06:34:09 CEST,118.063,199
A1,Fri 2021-07-16 06:34:10 CEST,119.063,199
A1,Fri 2021-07-16 06:34:10 CEST,120.063,199
A1,Fri 2021-07-16 06:34:11 CEST,121.063,199
A1,Fri 2021-07-16 06:34:11 CEST,122.063,199
A1,Fri 2021-07-16 06:34:12 CEST,123.063,199
A1,Fri 2021-07-16 06:34:12 CEST,124.063,199
A1,Fri 2021-07-16 06:34:13 CEST,125.063,199
A1,Fri 2021-07-16 06:34:13 CEST,126.063,199
A1,Fri 2021-07-16 06:34:14 CEST,127.065,199
A1,Fri 2021-07-16 06:34:14 CEST,128.063,199
A1,Fri 2021-07-16 06:34:15 CEST,129.064,199
A1,Fri 2021-07-16 06:34:15 CEST,130.063,199
A1,Fri 2021-07-16 06:34:16 CEST,131.063,199
A1,Fri 2021-07-16 06:34:16 CEST,132.063,199
A1,Fri 2021-07-16 06:34:17 CEST,133.063,199
A1,Fri 2021-07-16 06:34:17 CEST,134.063,199
A1,Fri 2021-07-16 06:34:18 CEST,135.063,199
A1,Fri 2021-07-16 06:34:18 CEST,136.065,199
A1,Fri 2021-07-16 06:34:19 CEST,137.063,199
A1,Fri 2021-07-16 06:34:19 CEST,138.063,199
A1,Fri 2021-07-16 06:34:20 CEST,139.062,199
A1,Fri 2021-07-16 06:34:20 CEST,140.063,199
A1,Fri 2021-07-16 06:34:21 CEST,141.062,199
A1,Fri 2021-07-16 06:34:21 CEST,142.062,199
A1,Fri 2021-07-16 06:34:22 CEST,143.062,199
A1,Fri 2021-07-16 06:34:22 CEST,144.062,199
A1,Fri 2021-07-16 06:34:23 CEST,145.065,199
A1,Fri 2021-07-16 06:34:23 CEST,146.063,199
A1,Fri 2021-07-16 06:34:24 CEST,147.062,199
A1,Fri 2021-07-16 06:34:24 CEST,148.063,199
A1,Fri 2021-07-16 06:34:25 CEST,149.063,199
A1,Fri 2021-07-16 06:34:25 CEST,150.063,199
A1,Fri 2021-07-16 06:34:26 CEST,151.062,199
A1,Fri 2021-07-16 06:34:26 CEST,152.062,199
A1,Fri 2021-07-16 06:34:27 CEST,153.063,200
A1,Fri 2021-07-16 06:34:27 CEST,154.07,200
A1,Fri 2021-07-16 06:34:28 CEST,155.063,200
A1,Fri 2021-07-16 06:34:29 CEST,156.062,200
A1,Fri 2021-07-16 06:34:29 CEST,157.063,200
A1,Fri 2021-07-16 06:34:30 CEST,158.063,200
A1,Fri 2021-07-16 06:34:30 CEST,159.063,200
A1,Fri 2021-07-16 06:34:31 CEST,160.063,200
A1,Fri 2021-07-16 06:34:31 CEST,161.062,200
A1,Fri 2021-07-16 06:34:32 CEST,162.062,200
A1,Fri 2021-07-16 06:34:32 CEST,163.064,200
A1,Fri 2021-07-16 06:34:33 CEST,164.062,200
A1,Fri 2021-07-16 06:34:33 CEST,165.063,200
A1,Fri 2021-07-16 06:34:34 CEST,166.063,200
A1,Fri 2021-07-16 06:34:34 CEST,167.062,200
A1,Fri 2021-07-16 06:34:35 CEST,168.062,200
A1,Fri 2021-07-16 06:34:35 CEST,169.062,200
A1,Fri 2021-07-16 06:34:36 CEST,170.063,200
A1,Fri 2021-07-16 06:34:36 CEST,171.063,200
A1,Fri 2021-07-16 06:34:37 CEST,172.065,200
A1,Fri 2021-07-16 06:34:37 CEST,173.062,200
A1,Fri 2021-07-16 06:34:38 CEST,174.063,200
A1,Fri 2021-07-16 06:34:38 CEST,175.063,200
A1,Fri 2021-07-16 06:34:39 CEST,176.062,200
A1,Fri 2021-07-16 06:34:39 CEST,177.061,200
A1,Fri 2021-07-16 06:34:40 CEST,178.063,200
A1,Fri 2021-07-16 06:34:40 CEST,179.063,200
A1,Fri 2021-07-16 06:34:41 CEST,180.063,200
A1,Fri 2021-07-16 06:34:41 CEST,181.064,200
A1,Fri 2021-07-16 06:34:42 CEST,182.063,200
A1,Fri 2021-07-16 06:34:42 CEST,183.063,200
A1,Fri 2021-07-16 06:34:43 CEST,184.063,200
A1,Fri 2021-07-16 06:34:43 CEST,185.063,201
A1,Fri 2021-07-16 06:34:44 CEST,186.062,201
A1,Fri 2021-07-16 06:34:44 CEST,187.063,201
A1,Fri 2021-07-16 06:34:45 CEST,188.063,201
A1,Fri 2021-07-16 06:34:45 CEST,189.063,201
A1,Fri 2021-07-16 06:34:46 CEST,190.064,201
A1,Fri 2021-07-16 06:34:46 CEST,191.062,201
A1,Fri 2021-07-16 06:34:47 CEST,192.062,201
A1,Fri 2021-07-16 06:34:47 CEST,193.062,201
A1,Fri 2021-07-16 06:34:48 CEST,194.062,202
A1,Fri 2021-07-16 06:34:48 CEST,195.063,202
A1,Fri 2021-07-16 06:34:49 CEST,196.063,203
A1,Fri 2021-07-16 06:34:49 CEST,197.063,204
A1,Fri 2021-07-16 06:34:50 CEST,198.063,204
A1,Fri 2021-07-16 06:34:50 CEST,199.064,205
A1,Fri 2021-07-16 06:34:51 CEST,200.063,206
A1,Fri 2021-07-16 06:34:51 CEST,201.063,207
A1,Fri 2021-07-16 06:34:52 CEST,202.063,208
A1,Fri 2021-07-16 06:34:52 CEST,203.063,208
A1,Fri 2021-07-16 06:34:53 CEST,204.063,208
A1,Fri 2021-07-16 06:34:53 CEST,205.063,208
A1,Fri 2021-07-16 06:34:54 CEST,206.063,208
A1,Fri 2021-07-16 06:34:54 CEST,207.063,208
A1,Fri 2021-07-16 06:34:55 CEST,208.065,208
A1,Fri 2021-07-16 06:34:55 CEST,209.063,208
A1,Fri 2021-07-16 06:34:56 CEST,210.063,208
A1,Fri 2021-07-16 06:34:56 CEST,211.063,208
A1,Fri 2021-07-16 06:34:57 CEST,212.063,208
A1,Fri 2021-07-16 06:34:57 CEST,213.063,208
A1,Fri 2021-07-16 06:34:58 CEST,214.062,208
A1,Fri 2021-07-16 06:34:58 CEST,215.063,208
A1,Fri 2021-07-16 06:34:59 CEST,216.062,208
A1,Fri 2021-07-16 06:34:59 CEST,217.065,208
A1,Fri 2021-07-16 06:35:00 CEST,218.062,208
A1,Fri 2021-07-16 06:35:00 CEST,219.062,208
A1,Fri 2021-07-16 06:35:01 CEST,220.062,208
A1,Fri 2021-07-16 06:35:01 CEST,221.062,208
A1,Fri 2021-07-16 06:35:02 CEST,222.062,208
A1,Fri 2021-07-16 06:35:02 CEST,223.063,208
A1,Fri 2021-07-16 06:35:03 CEST,224.063,208
A1,Fri 2021-07-16 06:35:03 CEST,225.063,208
A1,Fri 2021-07-16 06:35:04 CEST,226.064,208
A1,Fri 2021-07-16 06:35:04 CEST,227.062,208
A1,Fri 2021-07-16 06:35:05 CEST,228.063,208
A1,Fri 2021-07-16 06:35:05 CEST,229.063,208
A1,Fri 2021-07-16 06:35:06 CEST,230.063,208
A1,Fri 2021-07-16 06:35:06 CEST,231.063,208
A1,Fri 2021-07-16 06:35:07 CEST,232.062,208
A1,Fri 2021-07-16 06:35:07 CEST,233.062,208
A1,Fri 2021-07-16 06:35:08 CEST,234.063,208
A1,Fri 2021-07-16 06:35:08 CEST,235.065,208
A1,Fri 2021-07-16 06:35:09 CEST,236.063,208
A1,Fri 2021-07-16 06:35:09 CEST,237.063,208
A1,Fri 2021-07-16 06:35:10 CEST,238.063,208
A1,Fri 2021-07-16 06:35:10 CEST,239.063,208
A1,Fri 2021-07-16 06:35:11 CEST,240.063,208
A1,Fri 2021-07-16 06:35:11 CEST,241.062,208
A1,Fri 2021-07-16 06:35:12 CEST,242.062,208
A1,Fri 2021-07-16 06:35:12 CEST,243.063,208
A1,Fri 2021-07-16 06:35:13 CEST,244.064,208
A1,Fri 2021-07-16 06:35:13 CEST,245.063,208
A1,Fri 2021-07-16 06:35:14 CEST,246.063,208
A1,Fri 2021-07-16 06:35:14 CEST,247.065,208
A1,Fri 2021-07-16 06:35:15 CEST,248.063,208
A1,Fri 2021-07-16 06:35:15 CEST,249.063,208
A1,Fri 2021-07-16 06:35:16 CEST,250.063,208
A1,Fri 2021-07-16 06:35:16 CEST,251.062,208
A1,Fri 2021-07-16 06:35:17 CEST,252.063,208
A1,Fri 2021-07-16 06:35:17 CEST,253.065,208
A1,Fri 2021-07-16 06:35:18 CEST,254.062,208
A1,Fri 2021-07-16 06:35:18 CEST,255.063,208
A1,Fri 2021-07-16 06:35:19 CEST,256.062,208
A1,Fri 2021-07-16 06:35:19 CEST,257.063,208
A1,Fri 2021-07-16 06:35:20 CEST,258.062,209
A1,Fri 2021-07-16 06:35:20 CEST,259.063,209
A1,Fri 2021-07-16 06:35:21 CEST,260.063,209
A1,Fri 2021-07-16 06:35:21 CEST,261.062,209
A1,Fri 2021-07-16 06:35:22 CEST,262.064,209
A1,Fri 2021-07-16 06:35:22 CEST,263.063,209
A1,Fri 2021-07-16 06:35:23 CEST,264.062,209
A1,Fri 2021-07-16 06:35:23 CEST,265.063,209
A1,Fri 2021-07-16 06:35:24 CEST,266.063,209
A1,Fri 2021-07-16 06:35:24 CEST,267.063,209
A1,Fri 2021-07-16 06:35:24 CEST,268.063,209
A1,Fri 2021-07-16 06:35:25 CEST,269.062,209
A1,Fri 2021-07-16 06:35:25 CEST,270.062,209
A1,Fri 2021-07-16 06:35:26 CEST,271.064,209
A1,Fri 2021-07-16 06:35:27 CEST,272.062,209
A1,Fri 2021-07-16 06:35:27 CEST,273.063,209
A1,Fri 2021-07-16 06:35:28 CEST,274.063,209
A1,Fri 2021-07-16 06:35:28 CEST,275.063,209
A1,Fri 2021-07-16 06:35:29 CEST,276.063,209
A1,Fri 2021-07-16 06:35:29 CEST,277.063,209
A1,Fri 2021-07-16 06:35:30 CEST,278.063,209
A1,Fri 2021-07-16 06:35:30 CEST,279.07,209
A1,Fri 2021-07-16 06:35:31 CEST,280.064,209
A1,Fri 2021-07-16 06:35:31 CEST,281.063,209
A1,Fri 2021-07-16 06:35:32 CEST,282.063,209
A1,Fri 2021-07-16 06:35:32 CEST,283.062,209
A1,Fri 2021-07-16 06:35:33 CEST,284.063,209
A1,Fri 2021-07-16 06:35:33 CEST,285.063,209
A1,Fri 2021-07-16 06:35:34 CEST,286.063,209
A1,Fri 2021-07-16 06:35:34 CEST,287.063,209
A1,Fri 2021-07-16 06:35:35 CEST,288.063,209
A1,Fri 2021-07-16 06:35:35 CEST,289.065,209
A1,Fri 2021-07-16 06:35:36 CEST,290.063,209
A1,Fri 2021-07-16 06:35:36 CEST,291.063,209
A1,Fri 2021-07-16 06:35:37 CEST,292.062,209
A1,Fri 2021-07-16 06:35:37 CEST,293.063,209
A1,Fri 2021-07-16 06:35:38 CEST,294.063,209
A1,Fri 2021-07-16 06:35:38 CEST,295.063,209
A1,Fri 2021-07-16 06:35:39 CEST,296.063,209
A1,Fri 2021-07-16 06:35:39 CEST,297.062,209
A1,Fri 2021-07-16 06:35:40 CEST,298.064,209
A1,Fri 2021-07-16 06:35:40 CEST,299.063,209
A1,Fri 2021-07-16 06:35:41 CEST,300.063,209
A1,Fri 2021-07-16 06:35:41 CEST,301.063,209
A1,Fri 2021-07-16 06:35:42 CEST,302.063,209
A1,Fri 2021-07-16 06:35:42 CEST,303.063,209
A1,Fri 2021-07-16 06:35:43 CEST,304.062,209
A1,Fri 2021-07-16 06:35:43 CEST,305.063,209
A1,Fri 2021-07-16 06:35:44 CEST,306.063,209
A1,Fri 2021-07-16 06:35:44 CEST,307.065,209
A1,Fri 2021-07-16 06:35:45 CEST,308.062,209
A1,Fri 2021-07-16 06:35:45 CEST,309.062,209
A1,Fri 2021-07-16 06:35:46 CEST,310.063,209
A1,Fri 2021-07-16 06:35:46 CEST,311.063,209
A1,Fri 2021-07-16 06:35:47 CEST,312.063,209
A1,Fri 2021-07-16 06:35:47 CEST,313.063,209
A1,Fri 2021-07-16 06:35:48 CEST,314.063,209
A1,Fri 2021-07-16 06:35:48 CEST,315.063,209
A1,Fri 2021-07-16 06:35:49 CEST,316.064,209
A1,Fri 2021-07-16 06:35:49 CEST,317.062,209
A1,Fri 2021-07-16 06:35:50 CEST,318.063,209
A1,Fri 2021-07-16 06:35:50 CEST,319.063,209
A1,Fri 2021-07-16 06:35:51 CEST,320.063,209
A1,Fri 2021-07-16 06:35:51 CEST,321.062,209
A1,Fri 2021-07-16 06:35:52 CEST,322.062,210
A1,Fri 2021-07-16 06:35:52 CEST,323.062,210
A1,Fri 2021-07-16 06:35:53 CEST,324.063,210
A1,Fri 2021-07-16 06:35:53 CEST,325.065,211
A1,Fri 2021-07-16 06:35:54 CEST,326.063,211
A1,Fri 2021-07-16 06:35:54 CEST,327.062,211
A1,Fri 2021-07-16 06:35:55 CEST,328.063,212
A1,Fri 2021-07-16 06:35:55 CEST,329.062,212
A1,Fri 2021-07-16 06:35:56 CEST,330.063,212
A1,Fri 2021-07-16 06:35:56 CEST,331.063,212
A1,Fri 2021-07-16 06:35:57 CEST,332.063,212
A1,Fri 2021-07-16 06:35:57 CEST,333.063,212
A1,Fri 2021-07-16 06:35:58 CEST,334.064,212
A1,Fri 2021-07-16 06:35:58 CEST,335.062,212
A1,Fri 2021-07-16 06:35:59 CEST,336.063,212
A1,Fri 2021-07-16 06:35:59 CEST,337.063,212
A1,Fri 2021-07-16 06:36:00 CEST,338.062,212
A1,Fri 2021-07-16 06:36:00 CEST,339.063,212
A1,Fri 2021-07-16 06:36:01 CEST,340.063,212
A1,Fri 2021-07-16 06:36:01 CEST,341.063,212
A1,Fri 2021-07-16 06:36:02 CEST,342.062,212
A1,Fri 2021-07-16 06:36:02 CEST,343.064,212
A1,Fri 2021-07-16 06:36:03 CEST,344.063,212
A1,Fri 2021-07-16 06:36:03 CEST,345.063,212
A1,Fri 2021-07-16 06:36:04 CEST,346.062,212
A1,Fri 2021-07-16 06:36:04 CEST,347.063,212
A1,Fri 2021-07-16 06:36:05 CEST,348.062,212
A1,Fri 2021-07-16 06:36:05 CEST,349.063,212
A1,Fri 2021-07-16 06:36:06 CEST,350.063,212
A1,Fri 2021-07-16 06:36:06 CEST,351.063,212
A1,Fri 2021-07-16 06:36:07 CEST,352.064,212
A1,Fri 2021-07-16 06:36:07 CEST,353.063,212
A1,Fri 2021-07-16 06:36:08 CEST,354.063,212
A1,Fri 2021-07-16 06:36:08 CEST,355.063,212
A1,Fri 2021-07-16 06:36:09 CEST,356.063,212
A1,Fri 2021-07-16 06:36:09 CEST,357.063,212
A1,Fri 2021-07-16 06:36:10 CEST,358.063,212
A1,Fri 2021-07-16 06:36:10 CEST,359.062,212
A1,Fri 2021-07-16 06:36:11 CEST,360.063,212
A1,Fri 2021-07-16 06:36:11 CEST,361.064,212
A1,Fri 2021-07-16 06:36:12 CEST,362.063,212
A1,Fri 2021-07-16 06:36:12 CEST,363.063,212
A1,Fri 2021-07-16 06:36:13 CEST,364.063,212
A1,Fri 2021-07-16 06:36:13 CEST,365.063,212
A1,Fri 2021-07-16 06:36:14 CEST,366.063,212
A1,Fri 2021-07-16 06:36:14 CEST,367.063,212
A1,Fri 2021-07-16 06:36:15 CEST,368.063,212
A1,Fri 2021-07-16 06:36:15 CEST,369.063,212
A1,Fri 2021-07-16 06:36:16 CEST,370.065,212
A1,Fri 2021-07-16 06:36:16 CEST,371.063,212
A1,Fri 2021-07-16 06:36:17 CEST,372.062,212
A1,Fri 2021-07-16 06:36:17 CEST,373.062,212
A1,Fri 2021-07-16 06:36:18 CEST,374.063,212
A1,Fri 2021-07-16 06:36:18 CEST,375.063,212
A1,Fri 2021-07-16 06:36:19 CEST,376.062,212
A1,Fri 2021-07-16 06:36:19 CEST,377.063,212
A1,Fri 2021-07-16 06:36:20 CEST,378.063,212
A1,Fri 2021-07-16 06:36:20 CEST,379.065,212
A1,Fri 2021-07-16 06:36:21 CEST,380.063,212
A1,Fri 2021-07-16 06:36:21 CEST,381.062,212
A1,Fri 2021-07-16 06:36:22 CEST,382.063,212
A1,Fri 2021-07-16 06:36:22 CEST,383.063,212
A1,Fri 2021-07-16 06:36:23 CEST,384.062,212
A1,Fri 2021-07-16 06:36:23 CEST,385.063,212
A1,Fri 2021-07-16 06:36:24 CEST,386.062,212
A1,Fri 2021-07-16 06:36:24 CEST,387.063,212
A1,Fri 2021-07-16 06:36:25 CEST,388.064,212
A1,Fri 2021-07-16 06:36:25 CEST,389.063,212
A1,Fri 2021-07-16 06:36:26 CEST,390.064,212
A1,Fri 2021-07-16 06:36:26 CEST,391.063,212
A1,Fri 2021-07-16 06:36:27 CEST,392.063,212
A1,Fri 2021-07-16 06:36:27 CEST,393.063,212
A1,Fri 2021-07-16 06:36:28 CEST,394.063,212
A1,Fri 2021-07-16 06:36:28 CEST,395.063,212
A1,Fri 2021-07-16 06:36:29 CEST,396.063,212
A1,Fri 2021-07-16 06:36:29 CEST,397.064,212
A1,Fri 2021-07-16 06:36:30 CEST,398.062,212
A1,Fri 2021-07-16 06:36:30 CEST,399.063,212
A1,Fri 2021-07-16 06:36:31 CEST,400.063,212
A1,Fri 2021-07-16 06:36:31 CEST,401.063,212
A1,Fri 2021-07-16 06:36:32 CEST,402.063,212
A1,Fri 2021-07-16 06:36:32 CEST,403.063,212
A1,Fri 2021-07-16 06:36:33 CEST,404.063,212
A1,Fri 2021-07-16 06:36:33 CEST,405.063,212
A1,Fri 2021-07-16 06:36:34 CEST,406.064,212
A1,Fri 2021-07-16 06:36:34 CEST,407.062,212
A1,Fri 2021-07-16 06:36:35 CEST,408.062,212
A1,Fri 2021-07-16 06:36:35 CEST,409.062,212
A1,Fri 2021-07-16 06:36:36 CEST,410.062,212
A1,Fri 2021-07-16 06:36:36 CEST,411.062,212
A1,Fri 2021-07-16 06:36:37 CEST,412.062,212
A1,Fri 2021-07-16 06:36:37 CEST,413.063,212
A1,Fri 2021-07-16 06:36:38 CEST,414.062,212
A1,Fri 2021-07-16 06:36:38 CEST,415.065,212
A1,Fri 2021-07-16 06:36:39 CEST,416.063,212
A1,Fri 2021-07-16 06:36:39 CEST,417.063,212
A1,Fri 2021-07-16 06:36:40 CEST,418.062,212
A1,Fri 2021-07-16 06:36:40 CEST,419.063,212
A1,Fri 2021-07-16 06:36:41 CEST,420.063,212
A1,Fri 2021-07-16 06:36:41 CEST,421.063,212
A1,Fri 2021-07-16 06:36:42 CEST,422.063,212
A1,Fri 2021-07-16 06:36:42 CEST,423.062,212
A1,Fri 2021-07-16 06:36:43 CEST,424.063,212
A1,Fri 2021-07-16 06:36:43 CEST,425.063,212
A1,Fri 2021-07-16 06:36:44 CEST,426.063,212
A1,Fri 2021-07-16 06:36:44 CEST,427.063,212
A1,Fri 2021-07-16 06:36:45 CEST,428.063,212
A1,Fri 2021-07-16 06:36:45 CEST,429.063,212
A1,Fri 2021-07-16 06:36:46 CEST,430.063,212
A1,Fri 2021-07-16 06:36:46 CEST,431.063,212
A1,Fri 2021-07-16 06:36:47 CEST,432.062,212
A1,Fri 2021-07-16 06:36:47 CEST,433.065,212
A1,Fri 2021-07-16 06:36:48 CEST,434.063,212
A1,Fri 2021-07-16 06:36:48 CEST,435.063,212
A1,Fri 2021-07-16 06:36:49 CEST,436.062,212
A1,Fri 2021-07-16 06:36:49 CEST,437.062,212
A1,Fri 2021-07-16 06:36:50 CEST,438.062,212
A1,Fri 2021-07-16 06:36:50 CEST,439.063,212
A1,Fri 2021-07-16 06:36:51 CEST,440.063,212
A1,Fri 2021-07-16 06:36:51 CEST,441.063,212
A1,Fri 2021-07-16 06:36:52 CEST,442.064,212
A1,Fri 2021-07-16 06:36:52 CEST,443.063,212
A1,Fri 2021-07-16 06:36:53 CEST,444.062,212
A1,Fri 2021-07-16 06:36:53 CEST,445.063,212
A1,Fri 2021-07-16 06:36:54 CEST,446.063,212
A1,Fri 2021-07-16 06:36:54 CEST,447.062,212
A1,Fri 2021-07-16 06:36:55 CEST,448.063,212
A1,Fri 2021-07-16 06:36:55 CEST,449.062,212
A1,Fri 2021-07-16 06:36:56 CEST,450.062,212
A1,Fri 2021-07-16 06:36:56 CEST,451.065,212
A1,Fri 2021-07-16 06:36:57 CEST,452.063,212
A1,Fri 2021-07-16 06:36:57 CEST,453.063,212
A1,Fri 2021-07-16 06:36:58 CEST,454.062,212
A1,Fri 2021-07-16 06:36:58 CEST,455.063,212
A1,Fri 2021-07-16 06:36:59 CEST,456.062,212
A1,Fri 2021-07-16 06:36:59 CEST,457.062,212
A1,Fri 2021-07-16 06:37:00 CEST,458.063,212
A1,Fri 2021-07-16 06:37:00 CEST,459.062,212
A1,Fri 2021-07-16 06:37:01 CEST,460.064,212
A1,Fri 2021-07-16 06:37:01 CEST,461.063,212
A1,Fri 2021-07-16 06:37:02 CEST,462.062,212
A1,Fri 2021-07-16 06:37:02 CEST,463.062,212
A1,Fri 2021-07-16 06:37:03 CEST,464.063,212
A1,Fri 2021-07-16 06:37:03 CEST,465.063,212
A1,Fri 2021-07-16 06:37:04 CEST,466.063,212
A1,Fri 2021-07-16 06:37:04 CEST,467.063,212
A1,Fri 2021-07-16 06:37:05 CEST,468.063,212
A1,Fri 2021-07-16 06:37:05 CEST,469.064,212
A1,Fri 2021-07-16 06:37:06 CEST,470.063,212
A1,Fri 2021-07-16 06:37:06 CEST,471.063,212
A1,Fri 2021-07-16 06:37:07 CEST,472.062,212
A1,Fri 2021-07-16 06:37:07 CEST,473.063,212
A1,Fri 2021-07-16 06:37:08 CEST,474.062,212
A1,Fri 2021-07-16 06:37:08 CEST,475.063,212
A1,Fri 2021-07-16 06:37:09 CEST,476.062,212
A1,Fri 2021-07-16 06:37:09 CEST,477.063,212
A1,Fri 2021-07-16 06:37:10 CEST,478.064,212
A1,Fri 2021-07-16 06:37:10 CEST,479.064,212
A1,Fri 2021-07-16 06:37:11 CEST,480.063,212
A1,Fri 2021-07-16 06:37:11 CEST,481.064,212
A1,Fri 2021-07-16 06:37:12 CEST,482.065,212
A1,Fri 2021-07-16 06:37:12 CEST,483.063,212
A1,Fri 2021-07-16 06:37:13 CEST,484.063,212
A1,Fri 2021-07-16 06:37:13 CEST,485.063,212
A1,Fri 2021-07-16 06:37:14 CEST,486.063,212
A1,Fri 2021-07-16 06:37:14 CEST,487.064,212
A1,Fri 2021-07-16 06:37:15 CEST,488.062,212
A1,Fri 2021-07-16 06:37:15 CEST,489.062,212
A1,Fri 2021-07-16 06:37:16 CEST,490.063,212
A1,Fri 2021-07-16 06:37:16 CEST,491.063,212
A1,Fri 2021-07-16 06:37:17 CEST,492.062,212
A1,Fri 2021-07-16 06:37:17 CEST,493.063,212
A1,Fri 2021-07-16 06:37:18 CEST,494.062,212
A1,Fri 2021-07-16 06:37:18 CEST,495.063,212
A1,Fri 2021-07-16 06:37:19 CEST,496.064,212
A1,Fri 2021-07-16 06:37:19 CEST,497.063,212
A1,Fri 2021-07-16 06:37:20 CEST,498.063,212
A1,Fri 2021-07-16 06:37:20 CEST,499.063,212
A1,Fri 2021-07-16 06:37:21 CEST,500.062,212
A1,Fri 2021-07-16 06:37:21 CEST,501.063,212
A1,Fri 2021-07-16 06:37:22 CEST,502.061,212
A1,Fri 2021-07-16 06:37:22 CEST,503.063,212
A1,Fri 2021-07-16 06:37:23 CEST,504.063,212
A1,Fri 2021-07-16 06:37:23 CEST,505.065,212
A1,Fri 2021-07-16 06:37:24 CEST,506.063,212
A1,Fri 2021-07-16 06:37:24 CEST,507.063,212
A1,Fri 2021-07-16 06:37:25 CEST,508.063,212
A1,Fri 2021-07-16 06:37:25 CEST,509.063,212
A1,Fri 2021-07-16 06:37:26 CEST,510.063,212
A1,Fri 2021-07-16 06:37:26 CEST,511.063,212
A1,Fri 2021-07-16 06:37:27 CEST,512.063,212
A1,Fri 2021-07-16 06:37:27 CEST,513.062,212
A1,Fri 2021-07-16 06:37:28 CEST,514.064,212
A1,Fri 2021-07-16 06:37:28 CEST,515.063,212
A1,Fri 2021-07-16 06:37:29 CEST,516.063,212
A1,Fri 2021-07-16 06:37:29 CEST,517.063,212
A1,Fri 2021-07-16 06:37:30 CEST,518.063,212
A1,Fri 2021-07-16 06:37:30 CEST,519.063,212
A1,Fri 2021-07-16 06:37:31 CEST,520.063,212
A1,Fri 2021-07-16 06:37:31 CEST,521.063,212
A1,Fri 2021-07-16 06:37:32 CEST,522.062,212
A1,Fri 2021-07-16 06:37:32 CEST,523.064,212
A1,Fri 2021-07-16 06:37:33 CEST,524.062,212
A1,Fri 2021-07-16 06:37:33 CEST,525.062,212
A1,Fri 2021-07-16 06:37:34 CEST,526.063,212
A1,Fri 2021-07-16 06:37:34 CEST,527.062,212
A1,Fri 2021-07-16 06:37:35 CEST,528.062,212
A1,Fri 2021-07-16 06:37:35 CEST,529.063,212
A1,Fri 2021-07-16 06:37:36 CEST,530.063,212
A1,Fri 2021-07-16 06:37:36 CEST,531.063,212
A1,Fri 2021-07-16 06:37:37 CEST,532.064,212
A1,Fri 2021-07-16 06:37:37 CEST,533.063,212
A1,Fri 2021-07-16 06:37:38 CEST,534.063,212
A1,Fri 2021-07-16 06:37:38 CEST,535.063,212
A1,Fri 2021-07-16 06:37:39 CEST,536.063,212
A1,Fri 2021-07-16 06:37:39 CEST,537.063,212
A1,Fri 2021-07-16 06:37:40 CEST,538.064,212
A1,Fri 2021-07-16 06:37:40 CEST,539.063,212
A1,Fri 2021-07-16 06:37:41 CEST,540.062,212
A1,Fri 2021-07-16 06:37:41 CEST,541.065,212
A1,Fri 2021-07-16 06:37:42 CEST,542.063,212
A1,Fri 2021-07-16 06:37:42 CEST,543.063,212
A1,Fri 2021-07-16 06:37:43 CEST,544.062,212
A1,Fri 2021-07-16 06:37:43 CEST,545.063,212
A1,Fri 2021-07-16 06:37:44 CEST,546.062,212
A1,Fri 2021-07-16 06:37:44 CEST,547.063,212
A1,Fri 2021-07-16 06:37:45 CEST,548.063,212
A1,Fri 2021-07-16 06:37:45 CEST,549.063,212
A1,Fri 2021-07-16 06:37:46 CEST,550.065,212
A1,Fri 2021-07-16 06:37:46 CEST,551.062,212
A1,Fri 2021-07-16 06:37:47 CEST,552.062,212
A1,Fri 2021-07-16 06:37:47 CEST,553.062,212
A1,Fri 2021-07-16 06:37:48 CEST,554.063,213
A1,Fri 2021-07-16 06:37:48 CEST,555.063,213
A1,Fri 2021-07-16 06:37:49 CEST,556.063,213
A1,Fri 2021-07-16 06:37:49 CEST,557.063,213
A1,Fri 2021-07-16 06:37:50 CEST,558.062,213
A1,Fri 2021-07-16 06:37:50 CEST,559.064,213
A1,Fri 2021-07-16 06:37:51 CEST,560.062,213
A1,Fri 2021-07-16 06:37:51 CEST,561.062,213
A1,Fri 2021-07-16 06:37:52 CEST,562.062,213
A1,Fri 2021-07-16 06:37:52 CEST,563.063,213
A1,Fri 2021-07-16 06:37:53 CEST,564.061,213
A1,Fri 2021-07-16 06:37:53 CEST,565.064,213
A1,Fri 2021-07-16 06:37:54 CEST,566.063,213
A1,Fri 2021-07-16 06:37:54 CEST,567.063,213
A1,Fri 2021-07-16 06:37:55 CEST,568.065,213
A1,Fri 2021-07-16 06:37:55 CEST,569.063,213
A1,Fri 2021-07-16 06:37:56 CEST,570.063,213
A1,Fri 2021-07-16 06:37:56 CEST,571.062,213
A1,Fri 2021-07-16 06:37:57 CEST,572.062,213
A1,Fri 2021-07-16 06:37:57 CEST,573.063,213
A1,Fri 2021-07-16 06:37:58 CEST,574.063,213
A1,Fri 2021-07-16 06:37:58 CEST,575.063,213
A1,Fri 2021-07-16 06:37:59 CEST,576.063,213
A1,Fri 2021-07-16 06:37:59 CEST,577.064,213
A1,Fri 2021-07-16 06:38:00 CEST,578.062,214
A1,Fri 2021-07-16 06:38:00 CEST,579.062,215
A1,Fri 2021-07-16 06:38:01 CEST,580.062,215
A1,Fri 2021-07-16 06:38:01 CEST,581.063,215
A1,Fri 2021-07-16 06:38:02 CEST,582.063,215
A1,Fri 2021-07-16 06:38:02 CEST,583.063,215
A1,Fri 2021-07-16 06:38:03 CEST,584.063,215
A1,Fri 2021-07-16 06:38:03 CEST,585.063,215
A1,Fri 2021-07-16 06:38:04 CEST,586.065,215
A1,Fri 2021-07-16 06:38:04 CEST,587.063,215
A1,Fri 2021-07-16 06:38:05 CEST,588.063,215
A1,Fri 2021-07-16 06:38:05 CEST,589.063,215
A1,Fri 2021-07-16 06:38:06 CEST,590.062,215
A1,Fri 2021-07-16 06:38:06 CEST,591.063,215
A1,Fri 2021-07-16 06:38:07 CEST,592.063,215
A1,Fri 2021-07-16 06:38:07 CEST,593.063,215
A1,Fri 2021-07-16 06:38:08 CEST,594.063,215
A1,Fri 2021-07-16 06:38:08 CEST,595.065,215
A1,Fri 2021-07-16 06:38:09 CEST,596.063,215
A1,Fri 2021-07-16 06:38:09 CEST,597.063,215
A1,Fri 2021-07-16 06:38:10 CEST,598.063,215
A1,Fri 2021-07-16 06:38:10 CEST,599.063,215
A1,Fri 2021-07-16 06:38:11 CEST,600.063,215
A1,Fri 2021-07-16 06:38:11 CEST,601.063,215
A1,Fri 2021-07-16 06:38:12 CEST,602.062,215
A1,Fri 2021-07-16 06:38:12 CEST,603.063,215
A1,Fri 2021-07-16 06:38:13 CEST,604.064,215
A1,Fri 2021-07-16 06:38:13 CEST,605.063,215
A1,Fri 2021-07-16 06:38:14 CEST,606.062,215
A1,Fri 2021-07-16 06:38:14 CEST,607.062,215
A1,Fri 2021-07-16 06:38:15 CEST,608.062,215
A1,Fri 2021-07-16 06:38:15 CEST,609.063,215
A1,Fri 2021-07-16 06:38:16 CEST,610.063,215
A1,Fri 2021-07-16 06:38:16 CEST,611.063,215
A1,Fri 2021-07-16 06:38:17 CEST,612.063,215
A1,Fri 2021-07-16 06:38:17 CEST,613.065,215
A1,Fri 2021-07-16 06:38:18 CEST,614.063,215
A1,Fri 2021-07-16 06:38:18 CEST,615.062,215
A1,Fri 2021-07-16 06:38:19 CEST,616.062,215
A1,Fri 2021-07-16 06:38:19 CEST,617.062,215
A1,Fri 2021-07-16 06:38:20 CEST,618.062,215
A1,Fri 2021-07-16 06:38:20 CEST,619.063,215
A1,Fri 2021-07-16 06:38:21 CEST,620.063,215
A1,Fri 2021-07-16 06:38:21 CEST,621.063,215
A1,Fri 2021-07-16 06:38:22 CEST,622.064,215
A1,Fri 2021-07-16 06:38:22 CEST,623.063,215
A1,Fri 2021-07-16 06:38:23 CEST,624.062,215
A1,Fri 2021-07-16 06:38:23 CEST,625.063,215
A1,Fri 2021-07-16 06:38:24 CEST,626.063,215
A1,Fri 2021-07-16 06:38:24 CEST,627.063,215
A1,Fri 2021-07-16 06:38:25 CEST,628.062,215
A1,Fri 2021-07-16 06:38:25 CEST,629.062,215
A1,Fri 2021-07-16 06:38:26 CEST,630.063,215
A1,Fri 2021-07-16 06:38:26 CEST,631.064,215
A1,Fri 2021-07-16 06:38:27 CEST,632.063,215
A1,Fri 2021-07-16 06:38:27 CEST,633.063,215
A1,Fri 2021-07-16 06:38:28 CEST,634.063,215
A1,Fri 2021-07-16 06:38:28 CEST,635.063,215
A1,Fri 2021-07-16 06:38:29 CEST,636.063,215
A1,Fri 2021-07-16 06:38:29 CEST,637.063,215
A1,Fri 2021-07-16 06:38:30 CEST,638.063,215
A1,Fri 2021-07-16 06:38:30 CEST,639.063,215
A1,Fri 2021-07-16 06:38:31 CEST,640.064,215
A1,Fri 2021-07-16 06:38:31 CEST,641.062,215
A1,Fri 2021-07-16 06:38:32 CEST,642.063,215
A1,Fri 2021-07-16 06:38:32 CEST,643.062,215
A1,Fri 2021-07-16 06:38:33 CEST,644.062,215
A1,Fri 2021-07-16 06:38:33 CEST,645.063,215
A1,Fri 2021-07-16 06:38:34 CEST,646.063,215
A1,Fri 2021-07-16 06:38:34 CEST,647.063,215
A1,Fri 2021-07-16 06:38:35 CEST,648.062,215
A1,Fri 2021-07-16 06:38:35 CEST,649.065,215
A1,Fri 2021-07-16 06:38:36 CEST,650.063,215
A1,Fri 2021-07-16 06:38:36 CEST,651.063,215
A1,Fri 2021-07-16 06:38:37 CEST,652.063,215
A1,Fri 2021-07-16 06:38:37 CEST,653.062,215
A1,Fri 2021-07-16 06:38:38 CEST,654.061,215
A1,Fri 2021-07-16 06:38:38 CEST,655.062,215
A1,Fri 2021-07-16 06:38:39 CEST,656.063,215
A1,Fri 2021-07-16 06:38:39 CEST,657.063,215
A1,Fri 2021-07-16 06:38:40 CEST,658.065,215
A1,Fri 2021-07-16 06:38:40 CEST,659.063,215
A1,Fri 2021-07-16 06:38:41 CEST,660.063,215
A1,Fri 2021-07-16 06:38:41 CEST,661.063,215
A1,Fri 2021-07-16 06:38:42 CEST,662.063,215
A1,Fri 2021-07-16 06:38:42 CEST,663.063,215
A1,Fri 2021-07-16 06:38:43 CEST,664.063,215
A1,Fri 2021-07-16 06:38:43 CEST,665.063,215
A1,Fri 2021-07-16 06:38:44 CEST,666.062,215
A1,Fri 2021-07-16 06:38:44 CEST,667.064,215
A1,Fri 2021-07-16 06:38:45 CEST,668.062,215
A1,Fri 2021-07-16 06:38:45 CEST,669.063,215
A1,Fri 2021-07-16 06:38:46 CEST,670.063,215
A1,Fri 2021-07-16 06:38:46 CEST,671.063,215
A1,Fri 2021-07-16 06:38:47 CEST,672.063,215
A1,Fri 2021-07-16 06:38:47 CEST,673.063,215
A1,Fri 2021-07-16 06:38:48 CEST,674.063,215
A1,Fri 2021-07-16 06:38:48 CEST,675.063,215
A1,Fri 2021-07-16 06:38:49 CEST,676.065,215
A1,Fri 2021-07-16 06:38:49 CEST,677.063,215
A1,Fri 2021-07-16 06:38:50 CEST,678.062,215
A1,Fri 2021-07-16 06:38:50 CEST,679.063,215
A1,Fri 2021-07-16 06:38:51 CEST,680.062,215
A1,Fri 2021-07-16 06:38:51 CEST,681.063,215
A1,Fri 2021-07-16 06:38:52 CEST,682.063,215
A1,Fri 2021-07-16 06:38:52 CEST,683.063,215
A1,Fri 2021-07-16 06:38:53 CEST,684.063,215
A1,Fri 2021-07-16 06:38:53 CEST,685.065,215
A1,Fri 2021-07-16 06:38:54 CEST,686.063,215
A1,Fri 2021-07-16 06:38:54 CEST,687.063,215
A1,Fri 2021-07-16 06:38:55 CEST,688.063,215
A1,Fri 2021-07-16 06:38:55 CEST,689.063,215
A1,Fri 2021-07-16 06:38:56 CEST,690.063,215
A1,Fri 2021-07-16 06:38:56 CEST,691.063,215
A1,Fri 2021-07-16 06:38:57 CEST,692.062,215
A1,Fri 2021-07-16 06:38:57 CEST,693.062,215
A1,Fri 2021-07-16 06:38:58 CEST,694.064,215
A1,Fri 2021-07-16 06:38:58 CEST,695.063,215
A1,Fri 2021-07-16 06:38:59 CEST,696.062,215
A1,Fri 2021-07-16 06:38:59 CEST,697.063,215
A1,Fri 2021-07-16 06:39:00 CEST,698.062,215
A1,Fri 2021-07-16 06:39:00 CEST,699.063,215
A1,Fri 2021-07-16 06:39:01 CEST,700.063,215
A1,Fri 2021-07-16 06:39:01 CEST,701.063,215
A1,Fri 2021-07-16 06:39:02 CEST,702.062,215
A1,Fri 2021-07-16 06:39:02 CEST,703.065,215
A1,Fri 2021-07-16 06:39:03 CEST,704.062,215
A1,Fri 2021-07-16 06:39:03 CEST,705.063,215
A1,Fri 2021-07-16 06:39:04 CEST,706.062,215
A1,Fri 2021-07-16 06:39:04 CEST,707.062,215
A1,Fri 2021-07-16 06:39:05 CEST,708.062,215
A1,Fri 2021-07-16 06:39:05 CEST,709.062,215
A1,Fri 2021-07-16 06:39:06 CEST,710.063,215
A1,Fri 2021-07-16 06:39:06 CEST,711.063,215
A1,Fri 2021-07-16 06:39:07 CEST,712.064,215
A1,Fri 2021-07-16 06:39:07 CEST,713.063,215
A1,Fri 2021-07-16 06:39:08 CEST,714.062,215
A1,Fri 2021-07-16 06:39:08 CEST,715.063,215
A1,Fri 2021-07-16 06:39:09 CEST,716.062,215
A1,Fri 2021-07-16 06:39:09 CEST,717.065,215
A1,Fri 2021-07-16 06:39:10 CEST,718.062,215
A1,Fri 2021-07-16 06:39:10 CEST,719.062,215
A1,Fri 2021-07-16 06:39:11 CEST,720.062,215
A1,Fri 2021-07-16 06:39:11 CEST,721.065,215
A1,Fri 2021-07-16 06:39:12 CEST,722.063,215
A1,Fri 2021-07-16 06:39:12 CEST,723.063,215
A1,Fri 2021-07-16 06:39:13 CEST,724.064,215
A1,Fri 2021-07-16 06:39:13 CEST,725.063,215
A1,Fri 2021-07-16 06:39:14 CEST,726.063,215
A1,Fri 2021-07-16 06:39:14 CEST,727.063,215
A1,Fri 2021-07-16 06:39:15 CEST,728.063,215
A1,Fri 2021-07-16 06:39:15 CEST,729.063,215
A1,Fri 2021-07-16 06:39:16 CEST,730.064,215
A1,Fri 2021-07-16 06:39:16 CEST,731.063,215
A1,Fri 2021-07-16 06:39:17 CEST,732.063,215
A1,Fri 2021-07-16 06:39:17 CEST,733.063,215
A1,Fri 2021-07-16 06:39:18 CEST,734.063,215
A1,Fri 2021-07-16 06:39:18 CEST,735.063,215
A1,Fri 2021-07-16 06:39:19 CEST,736.063,215
A1,Fri 2021-07-16 06:39:19 CEST,737.063,215
A1,Fri 2021-07-16 06:39:20 CEST,738.062,215
A1,Fri 2021-07-16 06:39:20 CEST,739.065,215
A1,Fri 2021-07-16 06:39:21 CEST,740.063,215
A1,Fri 2021-07-16 06:39:21 CEST,741.062,215
A1,Fri 2021-07-16 06:39:22 CEST,742.063,215
A1,Fri 2021-07-16 06:39:22 CEST,743.062,215
A1,Fri 2021-07-16 06:39:23 CEST,744.062,215
A1,Fri 2021-07-16 06:39:23 CEST,745.063,215
A1,Fri 2021-07-16 06:39:24 CEST,746.063,215
A1,Fri 2021-07-16 06:39:24 CEST,747.063,215
A1,Fri 2021-07-16 06:39:25 CEST,748.064,215
A1,Fri 2021-07-16 06:39:25 CEST,749.063,215
A1,Fri 2021-07-16 06:39:26 CEST,750.063,215
A1,Fri 2021-07-16 06:39:26 CEST,751.063,215
A1,Fri 2021-07-16 06:39:27 CEST,752.062,215
A1,Fri 2021-07-16 06:39:27 CEST,753.063,215
A1,Fri 2021-07-16 06:39:28 CEST,754.063,215
A1,Fri 2021-07-16 06:39:28 CEST,755.063,216
A1,Fri 2021-07-16 06:39:29 CEST,756.062,216
A1,Fri 2021-07-16 06:39:29 CEST,757.064,216
A1,Fri 2021-07-16 06:39:30 CEST,758.062,216
A1,Fri 2021-07-16 06:39:30 CEST,759.063,216
A1,Fri 2021-07-16 06:39:31 CEST,760.063,216
A1,Fri 2021-07-16 06:39:31 CEST,761.062,216
A1,Fri 2021-07-16 06:39:32 CEST,762.063,216
A1,Fri 2021-07-16 06:39:32 CEST,763.063,216
A1,Fri 2021-07-16 06:39:33 CEST,764.063,216
A1,Fri 2021-07-16 06:39:33 CEST,765.063,216
A1,Fri 2021-07-16 06:39:34 CEST,766.064,216
A1,Fri 2021-07-16 06:39:34 CEST,767.063,216
A1,Fri 2021-07-16 06:39:35 CEST,768.062,216
A1,Fri 2021-07-16 06:39:35 CEST,769.062,216
A1,Fri 2021-07-16 06:39:36 CEST,770.062,216
A1,Fri 2021-07-16 06:39:36 CEST,771.063,216
A1,Fri 2021-07-16 06:39:37 CEST,772.063,217
A1,Fri 2021-07-16 06:39:37 CEST,773.063,218
A1,Fri 2021-07-16 06:39:38 CEST,774.062,219
A1,Fri 2021-07-16 06:39:38 CEST,775.065,219
A1,Fri 2021-07-16 06:39:39 CEST,776.063,219
A1,Fri 2021-07-16 06:39:39 CEST,777.063,219
A1,Fri 2021-07-16 06:39:40 CEST,778.063,219
A1,Fri 2021-07-16 06:39:40 CEST,779.062,219
A1,Fri 2021-07-16 06:39:41 CEST,780.063,219
A1,Fri 2021-07-16 06:39:41 CEST,781.063,219
A1,Fri 2021-07-16 06:39:42 CEST,782.062,219
A1,Fri 2021-07-16 06:39:42 CEST,783.063,219
A1,Fri 2021-07-16 06:39:43 CEST,784.064,219
A1,Fri 2021-07-16 06:39:43 CEST,785.063,219
A1,Fri 2021-07-16 06:39:44 CEST,786.063,219
A1,Fri 2021-07-16 06:39:44 CEST,787.063,219
A1,Fri 2021-07-16 06:39:45 CEST,788.063,219
A1,Fri 2021-07-16 06:39:45 CEST,789.069,219
A1,Fri 2021-07-16 06:39:46 CEST,790.063,219
A1,Fri 2021-07-16 06:39:46 CEST,791.063,220
A1,Fri 2021-07-16 06:39:47 CEST,792.063,221
A1,Fri 2021-07-16 06:39:47 CEST,793.065,222
A1,Fri 2021-07-16 06:39:48 CEST,794.062,223
A1,Fri 2021-07-16 06:39:48 CEST,795.062,223
A1,Fri 2021-07-16 06:39:49 CEST,796.062,224
A1,Fri 2021-07-16 06:39:49 CEST,797.063,224
A1,Fri 2021-07-16 06:39:50 CEST,798.062,224
A1,Fri 2021-07-16 06:39:50 CEST,799.062,224
A1,Fri 2021-07-16 06:39:51 CEST,800.063,224
A1,Fri 2021-07-16 06:39:51 CEST,801.063,224
A1,Fri 2021-07-16 06:39:52 CEST,802.064,224
A1,Fri 2021-07-16 06:39:52 CEST,803.063,224
A1,Fri 2021-07-16 06:39:53 CEST,804.063,224
A1,Fri 2021-07-16 06:39:53 CEST,805.063,224
A1,Fri 2021-07-16 06:39:54 CEST,806.063,224
A1,Fri 2021-07-16 06:39:54 CEST,807.062,224
A1,Fri 2021-07-16 06:39:55 CEST,808.063,224
A1,Fri 2021-07-16 06:39:55 CEST,809.062,225
A1,Fri 2021-07-16 06:39:56 CEST,810.063,226
A1,Fri 2021-07-16 06:39:56 CEST,811.065,226
A1,Fri 2021-07-16 06:39:57 CEST,812.069,226
A1,Fri 2021-07-16 06:39:57 CEST,813.063,227
A1,Fri 2021-07-16 06:39:58 CEST,814.062,227
A1,Fri 2021-07-16 06:39:58 CEST,815.063,228
A1,Fri 2021-07-16 06:39:59 CEST,816.062,228
A1,Fri 2021-07-16 06:39:59 CEST,817.063,228
A1,Fri 2021-07-16 06:40:00 CEST,818.062,228
A1,Fri 2021-07-16 06:40:00 CEST,819.063,228
A1,Fri 2021-07-16 06:40:01 CEST,820.064,228
A1,Fri 2021-07-16 06:40:01 CEST,821.062,228
A1,Fri 2021-07-16 06:40:02 CEST,822.062,229
A1,Fri 2021-07-16 06:40:02 CEST,823.063,229
A1,Fri 2021-07-16 06:40:03 CEST,824.062,229
A1,Fri 2021-07-16 06:40:03 CEST,825.063,229
A1,Fri 2021-07-16 06:40:04 CEST,826.063,229
A1,Fri 2021-07-16 06:40:04 CEST,827.062,229
A1,Fri 2021-07-16 06:40:05 CEST,828.063,229
A1,Fri 2021-07-16 06:40:05 CEST,829.065,229
A1,Fri 2021-07-16 06:40:06 CEST,830.062,229
A1,Fri 2021-07-16 06:40:06 CEST,831.063,229
A1,Fri 2021-07-16 06:40:07 CEST,832.062,230
A1,Fri 2021-07-16 06:40:07 CEST,833.062,230
A1,Fri 2021-07-16 06:40:08 CEST,834.062,230
A1,Fri 2021-07-16 06:40:08 CEST,835.063,230
A1,Fri 2021-07-16 06:40:09 CEST,836.063,230
A1,Fri 2021-07-16 06:40:09 CEST,837.063,230
A1,Fri 2021-07-16 06:40:10 CEST,838.065,230
A1,Fri 2021-07-16 06:40:10 CEST,839.062,230
A1,Fri 2021-07-16 06:40:11 CEST,840.062,230
A1,Fri 2021-07-16 06:40:11 CEST,841.062,230
A1,Fri 2021-07-16 06:40:12 CEST,842.062,230
A1,Fri 2021-07-16 06:40:12 CEST,843.063,230
A1,Fri 2021-07-16 06:40:13 CEST,844.062,230
A1,Fri 2021-07-16 06:40:13 CEST,845.063,230
A1,Fri 2021-07-16 06:40:14 CEST,846.062,230
A1,Fri 2021-07-16 06:40:14 CEST,847.064,230
A1,Fri 2021-07-16 06:40:15 CEST,848.063,230
A1,Fri 2021-07-16 06:40:15 CEST,849.063,230
A1,Fri 2021-07-16 06:40:16 CEST,850.063,230
A1,Fri 2021-07-16 06:40:16 CEST,851.063,230
A1,Fri 2021-07-16 06:40:17 CEST,852.062,230
A1,Fri 2021-07-16 06:40:17 CEST,853.063,230
A1,Fri 2021-07-16 06:40:18 CEST,854.062,230
A1,Fri 2021-07-16 06:40:18 CEST,855.063,230
A1,Fri 2021-07-16 06:40:19 CEST,856.064,230
A1,Fri 2021-07-16 06:40:19 CEST,857.062,231
A1,Fri 2021-07-16 06:40:20 CEST,858.062,231
A1,Fri 2021-07-16 06:40:20 CEST,859.062,231
A1,Fri 2021-07-16 06:40:21 CEST,860.062,231
A1,Fri 2021-07-16 06:40:21 CEST,861.063,231
A1,Fri 2021-07-16 06:40:22 CEST,862.062,231
A1,Fri 2021-07-16 06:40:22 CEST,863.063,231
A1,Fri 2021-07-16 06:40:23 CEST,864.063,231
A1,Fri 2021-07-16 06:40:23 CEST,865.065,231
A1,Fri 2021-07-16 06:40:24 CEST,866.063,231
A1,Fri 2021-07-16 06:40:24 CEST,867.063,231
A1,Fri 2021-07-16 06:40:25 CEST,868.062,231
A1,Fri 2021-07-16 06:40:25 CEST,869.063,231
A1,Fri 2021-07-16 06:40:26 CEST,870.063,231
A1,Fri 2021-07-16 06:40:26 CEST,871.062,231
A1,Fri 2021-07-16 06:40:27 CEST,872.062,231
A1,Fri 2021-07-16 06:40:27 CEST,873.062,231
A1,Fri 2021-07-16 06:40:28 CEST,874.064,231
A1,Fri 2021-07-16 06:40:28 CEST,875.063,231
A1,Fri 2021-07-16 06:40:29 CEST,876.062,231
A1,Fri 2021-07-16 06:40:29 CEST,877.063,231
A1,Fri 2021-07-16 06:40:30 CEST,878.062,231
A1,Fri 2021-07-16 06:40:30 CEST,879.063,231
A1,Fri 2021-07-16 06:40:31 CEST,880.063,231
A1,Fri 2021-07-16 06:40:31 CEST,881.063,231
A1,Fri 2021-07-16 06:40:32 CEST,882.063,231
A1,Fri 2021-07-16 06:40:32 CEST,883.065,231
A1,Fri 2021-07-16 06:40:33 CEST,884.062,231
A1,Fri 2021-07-16 06:40:33 CEST,885.063,231
A1,Fri 2021-07-16 06:40:34 CEST,886.063,231
A1,Fri 2021-07-16 06:40:34 CEST,887.063,231
A1,Fri 2021-07-16 06:40:35 CEST,888.063,231
A1,Fri 2021-07-16 06:40:35 CEST,889.063,231
A1,Fri 2021-07-16 06:40:36 CEST,890.063,231
A1,Fri 2021-07-16 06:40:36 CEST,891.063,231
A1,Fri 2021-07-16 06:40:37 CEST,892.064,231
A1,Fri 2021-07-16 06:40:37 CEST,893.063,231
A1,Fri 2021-07-16 06:40:38 CEST,894.063,231
A1,Fri 2021-07-16 06:40:38 CEST,895.063,231
A1,Fri 2021-07-16 06:40:39 CEST,896.063,231
A1,Fri 2021-07-16 06:40:39 CEST,897.063,231
A1,Fri 2021-07-16 06:40:40 CEST,898.062,231
A1,Fri 2021-07-16 06:40:40 CEST,899.063,231
A1,Fri 2021-07-16 06:40:41 CEST,900.063,231
A1,Fri 2021-07-16 06:40:41 CEST,901.064,231
A1,Fri 2021-07-16 06:40:42 CEST,902.063,231
A1,Fri 2021-07-16 06:40:42 CEST,903.063,231
A1,Fri 2021-07-16 06:40:43 CEST,904.062,231
A1,Fri 2021-07-16 06:40:43 CEST,905.063,231
A1,Fri 2021-07-16 06:40:44 CEST,906.063,231
A1,Fri 2021-07-16 06:40:44 CEST,907.063,231
A1,Fri 2021-07-16 06:40:45 CEST,908.063,231
A1,Fri 2021-07-16 06:40:45 CEST,909.063,231
A1,Fri 2021-07-16 06:40:46 CEST,910.065,231
A1,Fri 2021-07-16 06:40:46 CEST,911.063,231
A1,Fri 2021-07-16 06:40:47 CEST,912.063,231
A1,Fri 2021-07-16 06:40:47 CEST,913.063,231
A1,Fri 2021-07-16 06:40:48 CEST,914.063,231
A1,Fri 2021-07-16 06:40:48 CEST,915.063,231
A1,Fri 2021-07-16 06:40:49 CEST,916.063,231
A1,Fri 2021-07-16 06:40:49 CEST,917.063,231
A1,Fri 2021-07-16 06:40:50 CEST,918.063,231
A1,Fri 2021-07-16 06:40:50 CEST,919.064,231
A1,Fri 2021-07-16 06:40:51 CEST,920.063,231
A1,Fri 2021-07-16 06:40:51 CEST,921.063,231
A1,Fri 2021-07-16 06:40:52 CEST,922.063,231
A1,Fri 2021-07-16 06:40:52 CEST,923.062,231
A1,Fri 2021-07-16 06:40:53 CEST,924.062,231
A1,Fri 2021-07-16 06:40:53 CEST,925.063,231
A1,Fri 2021-07-16 06:40:54 CEST,926.062,231
A1,Fri 2021-07-16 06:40:54 CEST,927.063,231
A1,Fri 2021-07-16 06:40:55 CEST,928.065,231
A1,Fri 2021-07-16 06:40:55 CEST,929.063,231
A1,Fri 2021-07-16 06:40:56 CEST,930.063,231
A1,Fri 2021-07-16 06:40:56 CEST,931.064,231
A1,Fri 2021-07-16 06:40:57 CEST,932.062,231
A1,Fri 2021-07-16 06:40:57 CEST,933.063,231
A1,Fri 2021-07-16 06:40:58 CEST,934.063,231
A1,Fri 2021-07-16 06:40:58 CEST,935.062,231
A1,Fri 2021-07-16 06:40:59 CEST,936.062,231
A1,Fri 2021-07-16 06:40:59 CEST,937.064,231
A1,Fri 2021-07-16 06:41:00 CEST,938.063,231
A1,Fri 2021-07-16 06:41:00 CEST,939.062,231
A1,Fri 2021-07-16 06:41:01 CEST,940.063,231
A1,Fri 2021-07-16 06:41:01 CEST,941.063,231
A1,Fri 2021-07-16 06:41:02 CEST,942.063,231
A1,Fri 2021-07-16 06:41:02 CEST,943.063,231
A1,Fri 2021-07-16 06:41:03 CEST,944.063,231
A1,Fri 2021-07-16 06:41:03 CEST,945.063,231
A1,Fri 2021-07-16 06:41:04 CEST,946.065,231
A1,Fri 2021-07-16 06:41:04 CEST,947.062,231
A1,Fri 2021-07-16 06:41:05 CEST,948.062,231
A1,Fri 2021-07-16 06:41:05 CEST,949.062,231
A1,Fri 2021-07-16 06:41:06 CEST,950.063,231
A1,Fri 2021-07-16 06:41:06 CEST,951.063,231
A1,Fri 2021-07-16 06:41:07 CEST,952.063,231
A1,Fri 2021-07-16 06:41:07 CEST,953.063,231
A1,Fri 2021-07-16 06:41:08 CEST,954.063,231
A1,Fri 2021-07-16 06:41:08 CEST,955.065,231
A1,Fri 2021-07-16 06:41:09 CEST,956.062,231
A1,Fri 2021-07-16 06:41:09 CEST,957.063,231
A1,Fri 2021-07-16 06:41:10 CEST,958.062,231
A1,Fri 2021-07-16 06:41:10 CEST,959.063,231
A1,Fri 2021-07-16 06:41:11 CEST,960.062,231
A1,Fri 2021-07-16 06:41:11 CEST,961.062,231
A1,Fri 2021-07-16 06:41:12 CEST,962.061,231
A1,Fri 2021-07-16 06:41:12 CEST,963.063,231
A1,Fri 2021-07-16 06:41:13 CEST,964.064,231
A1,Fri 2021-07-16 06:41:13 CEST,965.063,231
A1,Fri 2021-07-16 06:41:14 CEST,966.062,231
A1,Fri 2021-07-16 06:41:14 CEST,967.063,231
A1,Fri 2021-07-16 06:41:15 CEST,968.062,231
A1,Fri 2021-07-16 06:41:15 CEST,969.062,231
A1,Fri 2021-07-16 06:41:16 CEST,970.063,231
A1,Fri 2021-07-16 06:41:16 CEST,971.063,231
A1,Fri 2021-07-16 06:41:17 CEST,972.062,231
A1,Fri 2021-07-16 06:41:17 CEST,973.064,231
A1,Fri 2021-07-16 06:41:18 CEST,974.063,231
A1,Fri 2021-07-16 06:41:18 CEST,975.063,231
A1,Fri 2021-07-16 06:41:19 CEST,976.063,231
A1,Fri 2021-07-16 06:41:19 CEST,977.063,231
A1,Fri 2021-07-16 06:41:20 CEST,978.063,231
A1,Fri 2021-07-16 06:41:20 CEST,979.064,231
A1,Fri 2021-07-16 06:41:21 CEST,980.063,231
A1,Fri 2021-07-16 06:41:21 CEST,981.063,231
A1,Fri 2021-07-16 06:41:22 CEST,982.064,231
A1,Fri 2021-07-16 06:41:22 CEST,983.063,231
A1,Fri 2021-07-16 06:41:23 CEST,984.062,231
A1,Fri 2021-07-16 06:41:23 CEST,985.063,231
A1,Fri 2021-07-16 06:41:24 CEST,986.062,231
A1,Fri 2021-07-16 06:41:24 CEST,987.062,231
A1,Fri 2021-07-16 06:41:25 CEST,988.061,231
A1,Fri 2021-07-16 06:41:25 CEST,989.062,231
A1,Fri 2021-07-16 06:41:26 CEST,990.063,231
A1,Fri 2021-07-16 06:41:26 CEST,991.065,231
A1,Fri 2021-07-16 06:41:27 CEST,992.063,231
A1,Fri 2021-07-16 06:41:27 CEST,993.063,231
A1,Fri 2021-07-16 06:41:28 CEST,994.063,231
A1,Fri 2021-07-16 06:41:28 CEST,995.063,231
A1,Fri 2021-07-16 06:41:29 CEST,996.063,231
A1,Fri 2021-07-16 06:41:29 CEST,997.063,231
A1,Fri 2021-07-16 06:41:30 CEST,998.063,231
A1,Fri 2021-07-16 06:41:30 CEST,999.063,231
A1,Fri 2021-07-16 06:41:31 CEST,1000.06,231
A1,Fri 2021-07-16 06:41:31 CEST,1001.06,231
A1,Fri 2021-07-16 06:41:32 CEST,1002.06,231
A1,Fri 2021-07-16 06:41:32 CEST,1003.06,231
A1,Fri 2021-07-16 06:41:33 CEST,1004.06,231
A1,Fri 2021-07-16 06:41:33 CEST,1005.06,231
A1,Fri 2021-07-16 06:41:34 CEST,1006.06,231
A1,Fri 2021-07-16 06:41:34 CEST,1007.06,231
A1,Fri 2021-07-16 06:41:35 CEST,1008.06,231
A1,Fri 2021-07-16 06:41:35 CEST,1009.06,231
A1,Fri 2021-07-16 06:41:36 CEST,1010.06,231
A1,Fri 2021-07-16 06:41:36 CEST,1011.06,231
A1,Fri 2021-07-16 06:41:37 CEST,1012.06,231
A1,Fri 2021-07-16 06:41:37 CEST,1013.06,231
A1,Fri 2021-07-16 06:41:38 CEST,1014.06,231
A1,Fri 2021-07-16 06:41:38 CEST,1015.06,231
A1,Fri 2021-07-16 06:41:39 CEST,1016.06,231
A1,Fri 2021-07-16 06:41:39 CEST,1017.06,231
A1,Fri 2021-07-16 06:41:40 CEST,1018.06,231
A1,Fri 2021-07-16 06:41:40 CEST,1019.06,231
A1,Fri 2021-07-16 06:41:41 CEST,1020.06,231
A1,Fri 2021-07-16 06:41:41 CEST,1021.06,231
A1,Fri 2021-07-16 06:41:42 CEST,1022.06,231
A1,Fri 2021-07-16 06:41:42 CEST,1023.06,231
A1,Fri 2021-07-16 06:41:43 CEST,1024.06,231
A1,Fri 2021-07-16 06:41:43 CEST,1025.06,231
A1,Fri 2021-07-16 06:41:44 CEST,1026.06,231
A1,Fri 2021-07-16 06:41:44 CEST,1027.06,231
A1,Fri 2021-07-16 06:41:45 CEST,1028.06,231
A1,Fri 2021-07-16 06:41:45 CEST,1029.06,231
A1,Fri 2021-07-16 06:41:46 CEST,1030.06,231
A1,Fri 2021-07-16 06:41:46 CEST,1031.06,231
A1,Fri 2021-07-16 06:41:47 CEST,1032.06,231
A1,Fri 2021-07-16 06:41:47 CEST,1033.06,231
A1,Fri 2021-07-16 06:41:48 CEST,1034.06,231
A1,Fri 2021-07-16 06:41:48 CEST,1035.06,231
A1,Fri 2021-07-16 06:41:49 CEST,1036.06,231
A1,Fri 2021-07-16 06:41:49 CEST,1037.06,231
A1,Fri 2021-07-16 06:41:50 CEST,1038.06,231
A1,Fri 2021-07-16 06:41:50 CEST,1039.06,231
A1,Fri 2021-07-16 06:41:51 CEST,1040.06,231
A1,Fri 2021-07-16 06:41:51 CEST,1041.06,231
A1,Fri 2021-07-16 06:41:52 CEST,1042.06,231
A1,Fri 2021-07-16 06:41:52 CEST,1043.06,231
A1,Fri 2021-07-16 06:41:53 CEST,1044.06,231
A1,Fri 2021-07-16 06:41:53 CEST,1045.06,231
A1,Fri 2021-07-16 06:41:54 CEST,1046.06,231
A1,Fri 2021-07-16 06:41:54 CEST,1047.06,231
A1,Fri 2021-07-16 06:41:55 CEST,1048.06,231
A1,Fri 2021-07-16 06:41:55 CEST,1049.06,231
A1,Fri 2021-07-16 06:41:56 CEST,1050.06,231
A1,Fri 2021-07-16 06:41:56 CEST,1051.06,231
A1,Fri 2021-07-16 06:41:57 CEST,1052.06,232
A1,Fri 2021-07-16 06:41:57 CEST,1053.06,232
A1,Fri 2021-07-16 06:41:58 CEST,1054.06,233
A1,Fri 2021-07-16 06:41:58 CEST,1055.06,233
A1,Fri 2021-07-16 06:41:59 CEST,1056.06,233
A1,Fri 2021-07-16 06:41:59 CEST,1057.06,233
A1,Fri 2021-07-16 06:42:00 CEST,1058.06,233
A1,Fri 2021-07-16 06:42:00 CEST,1059.06,233
A1,Fri 2021-07-16 06:42:01 CEST,1060.06,234
A1,Fri 2021-07-16 06:42:01 CEST,1061.06,234
A1,Fri 2021-07-16 06:42:02 CEST,1062.06,234
A1,Fri 2021-07-16 06:42:02 CEST,1063.06,234
A1,Fri 2021-07-16 06:42:03 CEST,1064.06,234
A1,Fri 2021-07-16 06:42:03 CEST,1065.06,234
A1,Fri 2021-07-16 06:42:04 CEST,1066.06,234
A1,Fri 2021-07-16 06:42:04 CEST,1067.06,234
A1,Fri 2021-07-16 06:42:05 CEST,1068.06,234
A1,Fri 2021-07-16 06:42:05 CEST,1069.06,234
A1,Fri 2021-07-16 06:42:06 CEST,1070.06,234
A1,Fri 2021-07-16 06:42:06 CEST,1071.06,234
A1,Fri 2021-07-16 06:42:07 CEST,1072.06,234
A1,Fri 2021-07-16 06:42:07 CEST,1073.06,234
A1,Fri 2021-07-16 06:42:08 CEST,1074.06,234
A1,Fri 2021-07-16 06:42:08 CEST,1075.06,234
A1,Fri 2021-07-16 06:42:09 CEST,1076.06,234
A1,Fri 2021-07-16 06:42:09 CEST,1077.06,234
A1,Fri 2021-07-16 06:42:10 CEST,1078.06,234
A1,Fri 2021-07-16 06:42:10 CEST,1079.06,234
A1,Fri 2021-07-16 06:42:11 CEST,1080.06,234
A1,Fri 2021-07-16 06:42:11 CEST,1081.06,234
A1,Fri 2021-07-16 06:42:12 CEST,1082.06,234
A1,Fri 2021-07-16 06:42:12 CEST,1083.06,234
A1,Fri 2021-07-16 06:42:13 CEST,1084.06,234
A1,Fri 2021-07-16 06:42:13 CEST,1085.06,234
A1,Fri 2021-07-16 06:42:14 CEST,1086.06,234
A1,Fri 2021-07-16 06:42:14 CEST,1087.06,234
A1,Fri 2021-07-16 06:42:15 CEST,1088.06,234
A1,Fri 2021-07-16 06:42:15 CEST,1089.06,234
A1,Fri 2021-07-16 06:42:16 CEST,1090.06,234
A1,Fri 2021-07-16 06:42:16 CEST,1091.06,234
A1,Fri 2021-07-16 06:42:17 CEST,1092.06,234
A1,Fri 2021-07-16 06:42:17 CEST,1093.06,234
A1,Fri 2021-07-16 06:42:18 CEST,1094.06,234
A1,Fri 2021-07-16 06:42:18 CEST,1095.06,234
A1,Fri 2021-07-16 06:42:19 CEST,1096.06,234
A1,Fri 2021-07-16 06:42:19 CEST,1097.06,234
A1,Fri 2021-07-16 06:42:20 CEST,1098.06,234
A1,Fri 2021-07-16 06:42:20 CEST,1099.06,234
A1,Fri 2021-07-16 06:42:21 CEST,1100.06,234
A1,Fri 2021-07-16 06:42:21 CEST,1101.06,234
A1,Fri 2021-07-16 06:42:22 CEST,1102.06,234
A1,Fri 2021-07-16 06:42:22 CEST,1103.06,235
A1,Fri 2021-07-16 06:42:23 CEST,1104.06,236
A1,Fri 2021-07-16 06:42:23 CEST,1105.06,236
A1,Fri 2021-07-16 06:42:24 CEST,1106.06,236
A1,Fri 2021-07-16 06:42:24 CEST,1107.06,236
A1,Fri 2021-07-16 06:42:25 CEST,1108.06,236
A1,Fri 2021-07-16 06:42:25 CEST,1109.06,236
A1,Fri 2021-07-16 06:42:26 CEST,1110.06,237
A1,Fri 2021-07-16 06:42:26 CEST,1111.06,237
A1,Fri 2021-07-16 06:42:27 CEST,1112.06,237
A1,Fri 2021-07-16 06:42:27 CEST,1113.06,237
A1,Fri 2021-07-16 06:42:28 CEST,1114.06,238
A1,Fri 2021-07-16 06:42:28 CEST,1115.06,238
A1,Fri 2021-07-16 06:42:29 CEST,1116.06,238
A1,Fri 2021-07-16 06:42:29 CEST,1117.06,238
A1,Fri 2021-07-16 06:42:30 CEST,1118.06,238
A1,Fri 2021-07-16 06:42:30 CEST,1119.06,238
A1,Fri 2021-07-16 06:42:31 CEST,1120.06,238
A1,Fri 2021-07-16 06:42:31 CEST,1121.06,238
A1,Fri 2021-07-16 06:42:32 CEST,1122.06,238
A1,Fri 2021-07-16 06:42:32 CEST,1123.06,239
A1,Fri 2021-07-16 06:42:33 CEST,1124.06,240
A1,Fri 2021-07-16 06:42:33 CEST,1125.06,240
A1,Fri 2021-07-16 06:42:34 CEST,1126.06,240
A1,Fri 2021-07-16 06:42:34 CEST,1127.06,240
A1,Fri 2021-07-16 06:42:35 CEST,1128.06,240
A1,Fri 2021-07-16 06:42:35 CEST,1129.06,241
A1,Fri 2021-07-16 06:42:36 CEST,1130.06,242
A1,Fri 2021-07-16 06:42:36 CEST,1131.06,242
A1,Fri 2021-07-16 06:42:37 CEST,1132.06,242
A1,Fri 2021-07-16 06:42:37 CEST,1133.06,242
A1,Fri 2021-07-16 06:42:38 CEST,1134.06,242
A1,Fri 2021-07-16 06:42:38 CEST,1135.06,242
A1,Fri 2021-07-16 06:42:39 CEST,1136.06,242
A1,Fri 2021-07-16 06:42:39 CEST,1137.06,242
A1,Fri 2021-07-16 06:42:40 CEST,1138.06,242
A1,Fri 2021-07-16 06:42:40 CEST,1139.06,242
A1,Fri 2021-07-16 06:42:41 CEST,1140.06,242
A1,Fri 2021-07-16 06:42:41 CEST,1141.06,242
A1,Fri 2021-07-16 06:42:42 CEST,1142.06,242
A1,Fri 2021-07-16 06:42:42 CEST,1143.06,242
A1,Fri 2021-07-16 06:42:43 CEST,1144.06,242
A1,Fri 2021-07-16 06:42:43 CEST,1145.06,242
A1,Fri 2021-07-16 06:42:44 CEST,1146.06,242
A1,Fri 2021-07-16 06:42:44 CEST,1147.06,242
A1,Fri 2021-07-16 06:42:45 CEST,1148.06,242
A1,Fri 2021-07-16 06:42:45 CEST,1149.06,242
A1,Fri 2021-07-16 06:42:46 CEST,1150.06,242
A1,Fri 2021-07-16 06:42:46 CEST,1151.06,242
A1,Fri 2021-07-16 06:42:47 CEST,1152.06,242
A1,Fri 2021-07-16 06:42:47 CEST,1153.06,242
A1,Fri 2021-07-16 06:42:48 CEST,1154.06,242
A1,Fri 2021-07-16 06:42:48 CEST,1155.06,242
A1,Fri 2021-07-16 06:42:49 CEST,1156.06,242
A1,Fri 2021-07-16 06:42:49 CEST,1157.06,242
A1,Fri 2021-07-16 06:42:50 CEST,1158.06,243
A1,Fri 2021-07-16 06:42:50 CEST,1159.06,243
A1,Fri 2021-07-16 06:42:51 CEST,1160.06,244
A1,Fri 2021-07-16 06:42:51 CEST,1161.06,244
A1,Fri 2021-07-16 06:42:52 CEST,1162.07,244
A1,Fri 2021-07-16 06:42:52 CEST,1163.06,244
A1,Fri 2021-07-16 06:42:53 CEST,1164.06,244
A1,Fri 2021-07-16 06:42:53 CEST,1165.06,244
A1,Fri 2021-07-16 06:42:54 CEST,1166.06,244
A1,Fri 2021-07-16 06:42:54 CEST,1167.06,244
A1,Fri 2021-07-16 06:42:55 CEST,1168.06,244
A1,Fri 2021-07-16 06:42:55 CEST,1169.06,245
A1,Fri 2021-07-16 06:42:56 CEST,1170.06,245
A1,Fri 2021-07-16 06:42:56 CEST,1171.06,245
A1,Fri 2021-07-16 06:42:57 CEST,1172.06,245
A1,Fri 2021-07-16 06:42:57 CEST,1173.06,245
A1,Fri 2021-07-16 06:42:58 CEST,1174.06,245
A1,Fri 2021-07-16 06:42:58 CEST,1175.06,245
A1,Fri 2021-07-16 06:42:59 CEST,1176.06,245
A1,Fri 2021-07-16 06:42:59 CEST,1177.06,245
A1,Fri 2021-07-16 06:43:00 CEST,1178.06,245
A1,Fri 2021-07-16 06:43:00 CEST,1179.06,245
A1,Fri 2021-07-16 06:43:01 CEST,1180.06,245
A1,Fri 2021-07-16 06:43:01 CEST,1181.06,245
A1,Fri 2021-07-16 06:43:02 CEST,1182.06,246
A1,Fri 2021-07-16 06:43:02 CEST,1183.06,246
A1,Fri 2021-07-16 06:43:03 CEST,1184.06,246
A1,Fri 2021-07-16 06:43:03 CEST,1185.06,246
A1,Fri 2021-07-16 06:43:04 CEST,1186.06,246
A1,Fri 2021-07-16 06:43:04 CEST,1187.06,246
A1,Fri 2021-07-16 06:43:05 CEST,1188.06,246
A1,Fri 2021-07-16 06:43:05 CEST,1189.06,246
A1,Fri 2021-07-16 06:43:06 CEST,1190.06,246
A1,Fri 2021-07-16 06:43:06 CEST,1191.06,246
A1,Fri 2021-07-16 06:43:07 CEST,1192.06,246
A1,Fri 2021-07-16 06:43:07 CEST,1193.06,246
A1,Fri 2021-07-16 06:43:08 CEST,1194.06,246
A1,Fri 2021-07-16 06:43:08 CEST,1195.06,246
A1,Fri 2021-07-16 06:43:09 CEST,1196.06,246
A1,Fri 2021-07-16 06:43:09 CEST,1197.06,246
A1,Fri 2021-07-16 06:43:10 CEST,1198.06,246
A1,Fri 2021-07-16 06:43:10 CEST,1199.06,246
A1,Fri 2021-07-16 06:43:11 CEST,1200.06,246
A1,Fri 2021-07-16 06:43:11 CEST,1201.06,246
A1,Fri 2021-07-16 06:43:12 CEST,1202.06,246
A1,Fri 2021-07-16 06:43:12 CEST,1203.06,246
A1,Fri 2021-07-16 06:43:13 CEST,1204.06,246
A1,Fri 2021-07-16 06:43:13 CEST,1205.06,246
A1,Fri 2021-07-16 06:43:14 CEST,1206.06,246
A1,Fri 2021-07-16 06:43:14 CEST,1207.06,246
A1,Fri 2021-07-16 06:43:15 CEST,1208.06,246
A1,Fri 2021-07-16 06:43:15 CEST,1209.06,246
A1,Fri 2021-07-16 06:43:16 CEST,1210.06,246
A1,Fri 2021-07-16 06:43:16 CEST,1211.06,246
A1,Fri 2021-07-16 06:43:17 CEST,1212.06,246
A1,Fri 2021-07-16 06:43:17 CEST,1213.06,246
A1,Fri 2021-07-16 06:43:18 CEST,1214.06,246
A1,Fri 2021-07-16 06:43:18 CEST,1215.06,246
A1,Fri 2021-07-16 06:43:19 CEST,1216.06,246
A1,Fri 2021-07-16 06:43:19 CEST,1217.06,246
A1,Fri 2021-07-16 06:43:20 CEST,1218.06,246
A1,Fri 2021-07-16 06:43:20 CEST,1219.06,246
A1,Fri 2021-07-16 06:43:21 CEST,1220.06,246
A1,Fri 2021-07-16 06:43:21 CEST,1221.06,246
A1,Fri 2021-07-16 06:43:22 CEST,1222.06,246
A1,Fri 2021-07-16 06:43:22 CEST,1223.06,246
A1,Fri 2021-07-16 06:43:23 CEST,1224.06,246
A1,Fri 2021-07-16 06:43:23 CEST,1225.06,246